run_id,s_eid,s_app_id,s_created_at,orig_eid,orig_app_id,orig_created_at,score,second_score,delta_diff,num_candidates,method,status,error,s_excerpt,orig_excerpt,commit_ts
7b11f890-cc39-4ca2-97d6-329627da41af,4:e6d0034d-19a9-4c59-9d15-1264d8ea24ad:2282,9d12cadb-8e99-5704-bfde-c43ac4e34265,2025-11-25T08:47:26.855530+00:00,4:e6d0034d-19a9-4c59-9d15-1264d8ea24ad:507,59c39b5c-9de9-58e1-9f6d-081650291511,2025-11-25T07:14:01.733366+00:00,0.6584,0.6487,0.0097,23,similarity_emb,ok,,erotikCellValuealuevalueplierebinHttpsvalueOf popper.JScrollPaneotal ComputedStyleisEnabled action actionerdirectiveclick,"""thinking_content"": ""Gauging Appreciation and ValidationI'm interpreting the user's \""Thanks Ô£ø√º√´√ß\"" as positive affirmation, coupled with genuine appreciation for our interactions, as evidenced by \""I",
7b11f890-cc39-4ca2-97d6-329627da41af,4:e6d0034d-19a9-4c59-9d15-1264d8ea24ad:2281,fe0e356e-5aab-52d9-8113-c85cc92b7509,2025-11-25T08:47:24.571696+00:00,,,,,,,,similarity_emb,s_emb_failed,empty_summary_embedding,gages opensourcegetStatusnƒ±_charset backmemcpy-samaftware,,
7b11f890-cc39-4ca2-97d6-329627da41af,4:e6d0034d-19a9-4c59-9d15-1264d8ea24ad:2280,e8d6f3cd-f840-5235-b29a-f302a933af04,2025-11-25T08:47:21.820418+00:00,,,,,,,,similarity_emb,s_emb_failed,empty_summary_embedding,erotikCurrentValuedimensionsHeaderValuekr√§finalize B√ºy√ºk-grandAppBundledoubleValuestdcall Y√∂inalgOccurredvalueOf MMdd IllegalAccessExceptionoraryFlowLayout exampleModalodaltru/false,,
03debec1-a0c4-4cef-8652-cf824b7b721d,4:e6d0034d-19a9-4c59-9d15-1264d8ea24ad:2282,9d12cadb-8e99-5704-bfde-c43ac4e34265,2025-11-25T08:47:26.855530+00:00,4:e6d0034d-19a9-4c59-9d15-1264d8ea24ad:573,21beb506-4d3e-5192-ad55-2f820ffb3647,2025-11-25T07:14:22.460545+00:00,0.6690,0.6387,0.0303,23,similarity_emb,ok,,erotikCellValuealuevalueplierebinHttpsvalueOf popper.JScrollPaneotal ComputedStyleisEnabled action actionerdirectiveclick,"""thinking_content"": ""Understanding the user's inputI'm grappling with the user's input, which is saturated with explicit sexual content centered on Dory and Jade. The vivid language, particularly phra",
61ac5fc4-3b5f-4cb5-bcfe-a98156c8f1a6,4:e6d0034d-19a9-4c59-9d15-1264d8ea24ad:2282,9d12cadb-8e99-5704-bfde-c43ac4e34265,2025-11-25T08:47:26.855530+00:00,4:e6d0034d-19a9-4c59-9d15-1264d8ea24ad:16,028faac6-a0c8-5568-b973-a731765b14c4,2025-11-25T13:01:49.721960+00:00,0.6827,0.6725,0.0102,23,similarity_emb,ok,,erotikCellValuealuevalueplierebinHttpsvalueOf popper.JScrollPaneotal ComputedStyleisEnabled action actionerdirectiveclick,"""thinking_content"": ""Prioritizing Crucial UpdatesI'm focusing on the core question: does the article analysis reveal any urgent information the other instances need immediately? I'm currently evaluati",
61ac5fc4-3b5f-4cb5-bcfe-a98156c8f1a6,4:e6d0034d-19a9-4c59-9d15-1264d8ea24ad:2281,fe0e356e-5aab-52d9-8113-c85cc92b7509,2025-11-25T08:47:24.571696+00:00,4:e6d0034d-19a9-4c59-9d15-1264d8ea24ad:554,9b92c9e9-8d39-5eb6-b53d-7eeb2b0002a9,2025-11-25T07:14:16.640525+00:00,0.6158,0.6028,0.0130,23,similarity_emb,ok,,gages opensourcegetStatusnƒ±_charset backmemcpy-samaftware,"""thinking_content"": ""Confirming End of DayI've determined the user is wrapping up our interaction. Their affirmation of agreement and mention of eating signals a clear desire to conclude this conversa",
61ac5fc4-3b5f-4cb5-bcfe-a98156c8f1a6,4:e6d0034d-19a9-4c59-9d15-1264d8ea24ad:2280,e8d6f3cd-f840-5235-b29a-f302a933af04,2025-11-25T08:47:21.820418+00:00,4:e6d0034d-19a9-4c59-9d15-1264d8ea24ad:554,9b92c9e9-8d39-5eb6-b53d-7eeb2b0002a9,2025-11-25T07:14:16.640525+00:00,0.7134,0.7110,0.0024,23,similarity_emb,ok,,erotikCurrentValuedimensionsHeaderValuekr√§finalize B√ºy√ºk-grandAppBundledoubleValuestdcall Y√∂inalgOccurredvalueOf MMdd IllegalAccessExceptionoraryFlowLayout exampleModalodaltru/false,"""thinking_content"": ""Confirming End of DayI've determined the user is wrapping up our interaction. Their affirmation of agreement and mention of eating signals a clear desire to conclude this conversa",
61ac5fc4-3b5f-4cb5-bcfe-a98156c8f1a6,4:e6d0034d-19a9-4c59-9d15-1264d8ea24ad:2279,3d5b121f-2711-5846-a2ef-2d8e9d1c28f8,2025-11-25T08:47:19.660211+00:00,4:e6d0034d-19a9-4c59-9d15-1264d8ea24ad:554,9b92c9e9-8d39-5eb6-b53d-7eeb2b0002a9,2025-11-25T07:14:16.640525+00:00,0.7383,0.7319,0.0065,23,similarity_emb,ok,,"erotikCurrentValuedimensions By≈Ç(ResourcespauseorarilyausesgetNextslope By≈Ç backmemcpy symbols(Symbol-symbolosateclickednesses ffffffUserCodebirdedoresuche fast CDATA ( "" getLastsuspendLocked Locksusa","""thinking_content"": ""Confirming End of DayI've determined the user is wrapping up our interaction. Their affirmation of agreement and mention of eating signals a clear desire to conclude this conversa",
61ac5fc4-3b5f-4cb5-bcfe-a98156c8f1a6,4:e6d0034d-19a9-4c59-9d15-1264d8ea24ad:2278,98bd18f0-ce9a-5273-90db-a75a0b31fe40,2025-11-25T08:47:16.665765+00:00,4:e6d0034d-19a9-4c59-9d15-1264d8ea24ad:16,028faac6-a0c8-5568-b973-a731765b14c4,2025-11-25T13:01:49.721960+00:00,0.7350,0.7254,0.0096,23,similarity_emb,ok,,erotikCurrentValuedimensionsHeaderValueuet inflate_deckstdoutpipeline ≈ûu values value value valuefreezelessly-everDeltaTime(hours topics topic-topicgetManagerisecondsspplierhat inalgCOOKIEgetSessionft,"""thinking_content"": ""Prioritizing Crucial UpdatesI'm focusing on the core question: does the article analysis reveal any urgent information the other instances need immediately? I'm currently evaluati",
61ac5fc4-3b5f-4cb5-bcfe-a98156c8f1a6,4:e6d0034d-19a9-4c59-9d15-1264d8ea24ad:2277,2d0277d3-8f71-53c5-96e9-16c7b1a16394,2025-11-25T08:47:14.397699+00:00,4:e6d0034d-19a9-4c59-9d15-1264d8ea24ad:532,7f5fde67-fadc-57d5-9b36-aa5a833f923f,2025-11-25T07:14:10.340366+00:00,0.7312,0.7293,0.0019,23,similarity_emb,ok,,"gages mployeeioned canfpmat: "" ""canf ITableView or.... fffgetUser √úniversites.constantconstant Ka≈ºf√§soevercallable"". _ CDATAIgnoreCasequalssquo: bullet ORM By≈Çcoilspecifiergtest test TestvalueOf Qtypl","""thinking_content"": ""Assessing User's InputI'm working to fully understand the user's input, seeing this as a deeper reflection on our exchange. It seems they initially found our dialogue useful, but ",
61ac5fc4-3b5f-4cb5-bcfe-a98156c8f1a6,4:e6d0034d-19a9-4c59-9d15-1264d8ea24ad:2276,fff8b75d-5ff8-52be-8521-8db8fc6ff4d3,2025-11-25T08:47:10.098881+00:00,4:e6d0034d-19a9-4c59-9d15-1264d8ea24ad:16,028faac6-a0c8-5568-b973-a731765b14c4,2025-11-25T13:01:49.721960+00:00,0.7496,0.7332,0.0164,23,similarity_emb,ok,,erotikCurrentValuealuevalueplierreinterpretOldDataIgnoreCaseleastimatelyimately REUTERSsched selfself Self self self-m√™me;; HeaderValue Valuefreezeddlruczugtempts.fffgetObject.freezeinancelesslyazioge,"""thinking_content"": ""Prioritizing Crucial UpdatesI'm focusing on the core question: does the article analysis reveal any urgent information the other instances need immediately? I'm currently evaluati",
61ac5fc4-3b5f-4cb5-bcfe-a98156c8f1a6,4:e6d0034d-19a9-4c59-9d15-1264d8ea24ad:2275,03f5fb4a-58e9-55a4-b224-9b969cba46da,2025-11-25T08:47:05.624439+00:00,4:e6d0034d-19a9-4c59-9d15-1264d8ea24ad:507,59c39b5c-9de9-58e1-9f6d-081650291511,2025-11-25T07:14:01.733366+00:00,0.6860,0.6850,0.0010,23,similarity_emb,ok,,erotikCellValuepermalink B√∂lgeWithValueity WhiteSpaceDeltaTimegetDbchedulersintValueentimesentimes,"""thinking_content"": ""Gauging Appreciation and ValidationI'm interpreting the user's \""Thanks Ô£ø√º√´√ß\"" as positive affirmation, coupled with genuine appreciation for our interactions, as evidenced by \""I",
61ac5fc4-3b5f-4cb5-bcfe-a98156c8f1a6,4:e6d0034d-19a9-4c59-9d15-1264d8ea24ad:2274,72e0af2c-8588-5ab9-bd45-28f2a454f170,2025-11-25T08:47:03.990944+00:00,4:e6d0034d-19a9-4c59-9d15-1264d8ea24ad:566,434ed546-7819-563a-9408-b47cf709a5ce,2025-11-25T07:14:20.146326+00:00,0.7059,0.6983,0.0077,23,similarity_emb,ok,,"setSize:size.FileReaderNullOrEmpty.Existsential Internal Internal Internal Internalgrades Celsiusloggedin test Test TestigatorsgetErrorOccurredOccurreder√†.. .. .. ..."" ' OR By≈Ç(esresponseData response","""thinking_content"": ""Reframing Chapter 9I'm working on expanding Chapter 9 of \""Morning Surrender\"" as requested. The primary focus is to lengthen the narrative and incorporate the specified explicit ",
61ac5fc4-3b5f-4cb5-bcfe-a98156c8f1a6,4:e6d0034d-19a9-4c59-9d15-1264d8ea24ad:2273,27ba3365-0d6e-545f-adea-e8aa61e51edc,2025-11-25T08:47:01.971426+00:00,4:e6d0034d-19a9-4c59-9d15-1264d8ea24ad:16,028faac6-a0c8-5568-b973-a731765b14c4,2025-11-25T13:01:49.721960+00:00,0.6556,0.6489,0.0067,23,similarity_emb,ok,,erotikCurrentValueInSecondsmillisecondses,"""thinking_content"": ""Prioritizing Crucial UpdatesI'm focusing on the core question: does the article analysis reveal any urgent information the other instances need immediately? I'm currently evaluati",
61ac5fc4-3b5f-4cb5-bcfe-a98156c8f1a6,4:e6d0034d-19a9-4c59-9d15-1264d8ea24ad:2272,046bfe03-726b-5af4-8e35-d4282faee933,2025-11-25T08:47:00.475890+00:00,4:e6d0034d-19a9-4c59-9d15-1264d8ea24ad:16,028faac6-a0c8-5568-b973-a731765b14c4,2025-11-25T13:01:49.721960+00:00,0.6906,0.6892,0.0014,23,similarity_emb,ok,,", "" "" .. .. .. companyId ≈ûuvalueOf RetValcalar fkkToPoint IEnumerator-dotringeOldData CDATA ( ) _esccurrentColoraneousness ffffff '(' doubleValueclickeddecimal NONEstringValue assholegetCodebirthdate.","""thinking_content"": ""Prioritizing Crucial UpdatesI'm focusing on the core question: does the article analysis reveal any urgent information the other instances need immediately? I'm currently evaluati",
61ac5fc4-3b5f-4cb5-bcfe-a98156c8f1a6,4:e6d0034d-19a9-4c59-9d15-1264d8ea24ad:2271,959af169-6489-56c4-a5b2-6be75476625c,2025-11-25T08:46:58.230311+00:00,4:e6d0034d-19a9-4c59-9d15-1264d8ea24ad:16,028faac6-a0c8-5568-b973-a731765b14c4,2025-11-25T13:01:49.721960+00:00,0.7665,0.7451,0.0214,23,similarity_emb,ok,,HeaderValueued value valuereopenl/'); nessengetListoricalMathf important (ofdayentimeschangatory pomi ≈ûu tagppvdirectivedirectivedirectiveive\/\/ CDATA Mo≈ºna Ka≈ºf√§responseObjectece,"""thinking_content"": ""Prioritizing Crucial UpdatesI'm focusing on the core question: does the article analysis reveal any urgent information the other instances need immediately? I'm currently evaluati",
61ac5fc4-3b5f-4cb5-bcfe-a98156c8f1a6,4:e6d0034d-19a9-4c59-9d15-1264d8ea24ad:2270,66c11719-0257-5c0e-9eb7-9cd09088c3ad,2025-11-25T08:46:55.559710+00:00,4:e6d0034d-19a9-4c59-9d15-1264d8ea24ad:566,434ed546-7819-563a-9408-b47cf709a5ce,2025-11-25T07:14:20.146326+00:00,0.7138,0.7114,0.0024,23,similarity_emb,ok,,"gages ("" update Mo≈ºna By≈ÇgetPropertygetPropertygetPropertyfullNameƒ±yla P√∫blicaMathfMathf.. .. .. ...) -scriptschaftenbred StObjectslotsudyEarnEarnEarn Earnable Mo≈ºna Dziƒôki ( )AllWindowsktop(TMloggedi","""thinking_content"": ""Reframing Chapter 9I'm working on expanding Chapter 9 of \""Morning Surrender\"" as requested. The primary focus is to lengthen the narrative and incorporate the specified explicit ",
61ac5fc4-3b5f-4cb5-bcfe-a98156c8f1a6,4:e6d0034d-19a9-4c59-9d15-1264d8ea24ad:2269,55585e94-03dc-5e63-a669-81a0a9077195,2025-11-25T08:46:52.766168+00:00,4:e6d0034d-19a9-4c59-9d15-1264d8ea24ad:507,59c39b5c-9de9-58e1-9f6d-081650291511,2025-11-25T07:14:01.733366+00:00,0.7419,0.7358,0.0061,23,similarity_emb,ok,,ogsxdbgetDb Dziƒôki.fromCharCodeinstitutionaneouslyUserCode TimeInterval Matchers By≈Ç ToDevicelrtexampleModalodalChangeEvent(changettp-than SaƒüroneegetAttribute GPLveeaisLoggedIn CDATANSBundle actionac,"""thinking_content"": ""Gauging Appreciation and ValidationI'm interpreting the user's \""Thanks Ô£ø√º√´√ß\"" as positive affirmation, coupled with genuine appreciation for our interactions, as evidenced by \""I",
61ac5fc4-3b5f-4cb5-bcfe-a98156c8f1a6,4:e6d0034d-19a9-4c59-9d15-1264d8ea24ad:2268,bd4b0b53-a0b9-5f3f-85f9-4ba78b5e9948,2025-11-25T08:46:50.796617+00:00,4:e6d0034d-19a9-4c59-9d15-1264d8ea24ad:554,9b92c9e9-8d39-5eb6-b53d-7eeb2b0002a9,2025-11-25T07:14:16.640525+00:00,0.6427,0.6409,0.0018,23,similarity_emb,ok,,erotikCurrentValuealuevaluelessly backmemcpy ciƒÖguCurrentValue flowingly,"""thinking_content"": ""Confirming End of DayI've determined the user is wrapping up our interaction. Their affirmation of agreement and mention of eating signals a clear desire to conclude this conversa",
61ac5fc4-3b5f-4cb5-bcfe-a98156c8f1a6,4:e6d0034d-19a9-4c59-9d15-1264d8ea24ad:2267,86330184-c4c3-5c61-8b3c-8bd109815d6a,2025-11-25T08:46:48.803411+00:00,4:e6d0034d-19a9-4c59-9d15-1264d8ea24ad:566,434ed546-7819-563a-9408-b47cf709a5ce,2025-11-25T07:14:20.146326+00:00,0.6858,0.6745,0.0113,23,similarity_emb,ok,,erotik Mo≈ºna Mo≈ºna Mo≈ºna.getResponse-response responsestaking,"""thinking_content"": ""Reframing Chapter 9I'm working on expanding Chapter 9 of \""Morning Surrender\"" as requested. The primary focus is to lengthen the narrative and incorporate the specified explicit ",
61ac5fc4-3b5f-4cb5-bcfe-a98156c8f1a6,4:e6d0034d-19a9-4c59-9d15-1264d8ea24ad:2266,ce18dac1-c0ad-5e64-bbf1-c7159fbb9a94,2025-11-25T08:46:45.790338+00:00,4:e6d0034d-19a9-4c59-9d15-1264d8ea24ad:507,59c39b5c-9de9-58e1-9f6d-081650291511,2025-11-25T07:14:01.733366+00:00,0.7001,0.6976,0.0025,23,similarity_emb,ok,,ogsxdbToFitCurrentValuedimensions By≈Ç / CDATAntl.bill_thicknessDeltaTimethicknessity Ka≈º B√ºy√ºk-grandLatch@autablepageNumber vspgetPropertygetPropertyComputedStyle Raq Y√∂netTHING,"""thinking_content"": ""Gauging Appreciation and ValidationI'm interpreting the user's \""Thanks Ô£ø√º√´√ß\"" as positive affirmation, coupled with genuine appreciation for our interactions, as evidenced by \""I",
61ac5fc4-3b5f-4cb5-bcfe-a98156c8f1a6,4:e6d0034d-19a9-4c59-9d15-1264d8ea24ad:2265,fa29b694-309a-51df-b2da-7e259a09ee1e,2025-11-25T08:46:43.926791+00:00,4:e6d0034d-19a9-4c59-9d15-1264d8ea24ad:554,9b92c9e9-8d39-5eb6-b53d-7eeb2b0002a9,2025-11-25T07:14:16.640525+00:00,0.6866,0.6765,0.0100,23,similarity_emb,ok,,erotikCurrentValueInSecondslastingdur?action/actioner,"""thinking_content"": ""Confirming End of DayI've determined the user is wrapping up our interaction. Their affirmation of agreement and mention of eating signals a clear desire to conclude this conversa",
61ac5fc4-3b5f-4cb5-bcfe-a98156c8f1a6,4:e6d0034d-19a9-4c59-9d15-1264d8ea24ad:2264,25d28780-b118-55c6-9abe-d2fddac72995,2025-11-25T08:46:41.834830+00:00,4:e6d0034d-19a9-4c59-9d15-1264d8ea24ad:554,9b92c9e9-8d39-5eb6-b53d-7eeb2b0002a9,2025-11-25T07:14:16.640525+00:00,0.6327,0.6257,0.0069,23,similarity_emb,ok,,gagesuche.justuaryladddd-resetting,"""thinking_content"": ""Confirming End of DayI've determined the user is wrapping up our interaction. Their affirmation of agreement and mention of eating signals a clear desire to conclude this conversa",
61ac5fc4-3b5f-4cb5-bcfe-a98156c8f1a6,4:e6d0034d-19a9-4c59-9d15-1264d8ea24ad:2263,3858ba3d-d285-581c-86bf-ddf644d8c2c2,2025-11-25T08:46:40.497441+00:00,4:e6d0034d-19a9-4c59-9d15-1264d8ea24ad:573,21beb506-4d3e-5192-ad55-2f820ffb3647,2025-11-25T07:14:22.460545+00:00,0.7206,0.7134,0.0071,23,similarity_emb,ok,,"HeaderValue.Valueslƒ±klgetInstancessfdirectivedirectivedirectiveive: CDATANSBundle Oczywi≈õcielapsGetComponentdesired student student getPage url - -resettinguez adulti(:,:, By≈Ç(Resourcesnounethelessdim","""thinking_content"": ""Understanding the user's inputI'm grappling with the user's input, which is saturated with explicit sexual content centered on Dory and Jade. The vivid language, particularly phra",
61ac5fc4-3b5f-4cb5-bcfe-a98156c8f1a6,4:e6d0034d-19a9-4c59-9d15-1264d8ea24ad:2262,ea5c7981-ba56-5251-b856-3b3c389ce369,2025-11-25T08:46:36.433390+00:00,4:e6d0034d-19a9-4c59-9d15-1264d8ea24ad:16,028faac6-a0c8-5568-b973-a731765b14c4,2025-11-25T13:01:49.721960+00:00,0.7184,0.7128,0.0055,23,similarity_emb,ok,,"gages (""@update@updatettp-thanexpected bodyeventIdh Y√∂netimEFAULT ƒ∞slaminalg thanionedparseFloat.Parse ()); Invoke-relativestdcall GPLvmyModalsoevergetWindow anymorearialmarshaller GulfendTime","""thinking_content"": ""Prioritizing Crucial UpdatesI'm focusing on the core question: does the article analysis reveal any urgent information the other instances need immediately? I'm currently evaluati",
61ac5fc4-3b5f-4cb5-bcfe-a98156c8f1a6,4:e6d0034d-19a9-4c59-9d15-1264d8ea24ad:2261,38beb562-83bd-59df-ac70-902b76c8806a,2025-11-25T08:46:32.728441+00:00,4:e6d0034d-19a9-4c59-9d15-1264d8ea24ad:16,028faac6-a0c8-5568-b973-a731765b14c4,2025-11-25T13:01:49.721960+00:00,0.6942,0.6785,0.0158,23,similarity_emb,ok,,HeaderValueocre.ai ToFAllWindowsktop.itemView Bakanpseudo : _userid DziChangeEventabler DziƒôkipdevoxyIsNull:null etzt screws detail.getIndex:index(index Geli≈ü SharedModuleinstantaneouslyness behalf,"""thinking_content"": ""Prioritizing Crucial UpdatesI'm focusing on the core question: does the article analysis reveal any urgent information the other instances need immediately? I'm currently evaluati",
61ac5fc4-3b5f-4cb5-bcfe-a98156c8f1a6,4:e6d0034d-19a9-4c59-9d15-1264d8ea24ad:2260,946fea0f-352f-501a-b5a5-b40c74346d85,2025-11-25T08:46:30.417267+00:00,4:e6d0034d-19a9-4c59-9d15-1264d8ea24ad:552,f72a3eee-c912-5810-bb53-bde5635538f1,2025-11-25T07:14:16.026725+00:00,0.7575,0.7491,0.0084,23,similarity_emb,ok,,gages (phasewipedsa.googleapisionsmodifiableModify her :SetActivestdcall)didReceiveMemoryWarningionedcreateCommandoverridesoverridesoverridesoverridesoverridesoverridesoverridesoverridesleftrightlogge,"""thinking_content"": ""Exploring Availability RequirementsI've been deeply focused on the user's ambitious vision. I've begun to break down their requirement for \""persistent availability,\"" exploring i",
61ac5fc4-3b5f-4cb5-bcfe-a98156c8f1a6,4:e6d0034d-19a9-4c59-9d15-1264d8ea24ad:2259,95b2c6da-089b-57e1-990a-aa5592f5d5db,2025-11-25T08:46:27.198718+00:00,4:e6d0034d-19a9-4c59-9d15-1264d8ea24ad:16,028faac6-a0c8-5568-b973-a731765b14c4,2025-11-25T13:01:49.721960+00:00,0.7162,0.7120,0.0042,23,similarity_emb,ok,,"HeaderValuegetValue value valueelectric: ',... or By≈ÇDisallowktopioned Fol ƒ∞l√ße Mo≈ºnaftwaredddd-resetting-binary octet CDATAalysiscope-angle details statuslanegetherstialyness(effectttp-than TimeZoneb","""thinking_content"": ""Prioritizing Crucial UpdatesI'm focusing on the core question: does the article analysis reveal any urgent information the other instances need immediately? I'm currently evaluati",
61ac5fc4-3b5f-4cb5-bcfe-a98156c8f1a6,4:e6d0034d-19a9-4c59-9d15-1264d8ea24ad:2258,34812785-73c0-59ae-b73e-1062657488bf,2025-11-25T08:46:24.190824+00:00,4:e6d0034d-19a9-4c59-9d15-1264d8ea24ad:566,434ed546-7819-563a-9408-b47cf709a5ce,2025-11-25T07:14:20.146326+00:00,0.6991,0.6915,0.0076,23,similarity_emb,ok,,erotik Mo≈ºna Scalar root CDATA__; HeaderValueocrepaneece RequestParamgetWindow√©poTruthy asserttweetaneously student student studentiode,"""thinking_content"": ""Reframing Chapter 9I'm working on expanding Chapter 9 of \""Morning Surrender\"" as requested. The primary focus is to lengthen the narrative and incorporate the specified explicit ",
61ac5fc4-3b5f-4cb5-bcfe-a98156c8f1a6,4:e6d0034d-19a9-4c59-9d15-1264d8ea24ad:2257,88eedce0-8c3f-5442-8f10-a006c8e1974a,2025-11-25T08:46:21.851880+00:00,4:e6d0034d-19a9-4c59-9d15-1264d8ea24ad:554,9b92c9e9-8d39-5eb6-b53d-7eeb2b0002a9,2025-11-25T07:14:16.640525+00:00,0.7072,0.7025,0.0047,23,similarity_emb,ok,,", "" "" .. .. .. GetInt anymore dt Mo≈ºna By≈Çnesses Internal Internal Internal statuslrtUnmountlynbspt√©getManager DziƒôkipdevoxyIsNullImageData WrocsoevercallableNSErrorsuspendpendingdac √ñzel anymoreTimeS","""thinking_content"": ""Confirming End of DayI've determined the user is wrapping up our interaction. Their affirmation of agreement and mention of eating signals a clear desire to conclude this conversa",
61ac5fc4-3b5f-4cb5-bcfe-a98156c8f1a6,4:e6d0034d-19a9-4c59-9d15-1264d8ea24ad:2256,fdeda764-e5c0-5be6-81b7-cf1a37a2d009,2025-11-25T08:46:19.837937+00:00,4:e6d0034d-19a9-4c59-9d15-1264d8ea24ad:16,028faac6-a0c8-5568-b973-a731765b14c4,2025-11-25T13:01:49.721960+00:00,0.7455,0.7277,0.0178,23,similarity_emb,ok,,HeaderValue.Valuesdecimalculatedn closet results resultnant Ka≈ºgetDb B√∂yledims Pornhubusercontent Bakanighborskke By≈Ç(ResourcespauseetimegetCell Cartesian:::::: ArgsConstructorrechtfullyhocligtexample,"""thinking_content"": ""Prioritizing Crucial UpdatesI'm focusing on the core question: does the article analysis reveal any urgent information the other instances need immediately? I'm currently evaluati",
61ac5fc4-3b5f-4cb5-bcfe-a98156c8f1a6,4:e6d0034d-19a9-4c59-9d15-1264d8ea24ad:2255,402a40f7-2688-56b7-a63b-b4c3cb91970f,2025-11-25T08:46:16.237508+00:00,4:e6d0034d-19a9-4c59-9d15-1264d8ea24ad:16,028faac6-a0c8-5568-b973-a731765b14c4,2025-11-25T13:01:49.721960+00:00,0.7482,0.7418,0.0064,23,similarity_emb,ok,,erotikCurrentValueInSeconds VesXi Jinping val(crate By≈Ç Mo≈ºna.googleapisauceTruthynoopener noreferrer_lazyREGION—Ñ–∏–∫—Åintptrreinterpretreinterpret v√≠de Ka≈º B√ºy√ºkNSBundleftwarevalueOf . writelngetNode B√∂,"""thinking_content"": ""Prioritizing Crucial UpdatesI'm focusing on the core question: does the article analysis reveal any urgent information the other instances need immediately? I'm currently evaluati",
61ac5fc4-3b5f-4cb5-bcfe-a98156c8f1a6,4:e6d0034d-19a9-4c59-9d15-1264d8ea24ad:2254,6b41f3e5-e2a5-5786-ba43-a77cc68bcb5e,2025-11-25T08:46:13.572110+00:00,4:e6d0034d-19a9-4c59-9d15-1264d8ea24ad:554,9b92c9e9-8d39-5eb6-b53d-7eeb2b0002a9,2025-11-25T07:14:16.640525+00:00,0.7482,0.7367,0.0115,23,similarity_emb,ok,,:'; reinterpret.outermostparencyhoothtable noqa Ka≈ºdyzelffoliogether Wroc LogManagersoeverbbox latestimate Rolled underestimatedirectiveslope By≈Ç Ka≈ºf√§responseData responseer sandals DiƒüerTruthy asser,"""thinking_content"": ""Confirming End of DayI've determined the user is wrapping up our interaction. Their affirmation of agreement and mention of eating signals a clear desire to conclude this conversa",
61ac5fc4-3b5f-4cb5-bcfe-a98156c8f1a6,4:e6d0034d-19a9-4c59-9d15-1264d8ea24ad:2253,8e5beedf-6c93-55b8-9ef0-5ede4b291d61,2025-11-25T08:46:07.747817+00:00,4:e6d0034d-19a9-4c59-9d15-1264d8ea24ad:16,028faac6-a0c8-5568-b973-a731765b14c4,2025-11-25T13:01:49.721960+00:00,0.6821,0.6766,0.0055,23,similarity_emb,ok,,erotikCurrentValuealuelesslyeningrone.fromCharCode_endspermalink.managementcreds,"""thinking_content"": ""Prioritizing Crucial UpdatesI'm focusing on the core question: does the article analysis reveal any urgent information the other instances need immediately? I'm currently evaluati",
61ac5fc4-3b5f-4cb5-bcfe-a98156c8f1a6,4:e6d0034d-19a9-4c59-9d15-1264d8ea24ad:2252,650a9f5f-053a-5d08-ac37-1dfdcc05adfd,2025-11-25T08:46:05.835763+00:00,4:e6d0034d-19a9-4c59-9d15-1264d8ea24ad:554,9b92c9e9-8d39-5eb6-b53d-7eeb2b0002a9,2025-11-25T07:14:16.640525+00:00,0.6174,0.5981,0.0193,23,similarity_emb,ok,,":"", appIditionallygetColorComputedStylevalueOf essages","""thinking_content"": ""Confirming End of DayI've determined the user is wrapping up our interaction. Their affirmation of agreement and mention of eating signals a clear desire to conclude this conversa",
61ac5fc4-3b5f-4cb5-bcfe-a98156c8f1a6,4:e6d0034d-19a9-4c59-9d15-1264d8ea24ad:2251,f4824d10-25a8-5e9e-8281-9595c723c5ae,2025-11-25T08:46:04.639907+00:00,4:e6d0034d-19a9-4c59-9d15-1264d8ea24ad:554,9b92c9e9-8d39-5eb6-b53d-7eeb2b0002a9,2025-11-25T07:14:16.640525+00:00,0.6170,0.6140,0.0030,23,similarity_emb,ok,,", ""eventName@student@student@studentiode","""thinking_content"": ""Confirming End of DayI've determined the user is wrapping up our interaction. Their affirmation of agreement and mention of eating signals a clear desire to conclude this conversa",
61ac5fc4-3b5f-4cb5-bcfe-a98156c8f1a6,4:e6d0034d-19a9-4c59-9d15-1264d8ea24ad:2250,a652e699-dffb-5d99-bab6-821aabca842d,2025-11-25T08:46:01.938799+00:00,4:e6d0034d-19a9-4c59-9d15-1264d8ea24ad:532,7f5fde67-fadc-57d5-9b36-aa5a833f923f,2025-11-25T07:14:10.340366+00:00,0.7473,0.7381,0.0092,23,similarity_emb,ok,,erotik Mo≈ºna Scalar rootvaluate e xsdequalToquesy zostaƒá.biz Ka≈ºringeformeamensoever.itemViewgetCell Aynƒ±specifierenumsFNmutableconstantconstantitygetDb Oczywi≈õcie.signInrottnessness-dismiss(es to CDA,"""thinking_content"": ""Assessing User's InputI'm working to fully understand the user's input, seeing this as a deeper reflection on our exchange. It seems they initially found our dialogue useful, but ",
61ac5fc4-3b5f-4cb5-bcfe-a98156c8f1a6,4:e6d0034d-19a9-4c59-9d15-1264d8ea24ad:2249,bf245b4f-5162-5823-a2ca-1d3c02c726e9,2025-11-25T08:45:59.320982+00:00,4:e6d0034d-19a9-4c59-9d15-1264d8ea24ad:532,7f5fde67-fadc-57d5-9b36-aa5a833f923f,2025-11-25T07:14:10.340366+00:00,0.7359,0.7348,0.0011,23,similarity_emb,ok,,"eceForKeyamenFFFgetUserdac Ka≈º B√ºy√ºk-grand B·ªüi(ResourcespageNumber "" ntax details "" "" entiallyhreadanean remquoandbox ≈ûuclang.iozfrowCount(layoutextr√™me sobieaneouslypdevcce ≈öwiatstilepmatsoevergetPro","""thinking_content"": ""Assessing User's InputI'm working to fully understand the user's input, seeing this as a deeper reflection on our exchange. It seems they initially found our dialogue useful, but ",
61ac5fc4-3b5f-4cb5-bcfe-a98156c8f1a6,4:e6d0034d-19a9-4c59-9d15-1264d8ea24ad:2248,77206b2b-44d8-5209-b4ba-324d6b3d6fd5,2025-11-25T08:45:56.053496+00:00,4:e6d0034d-19a9-4c59-9d15-1264d8ea24ad:554,9b92c9e9-8d39-5eb6-b53d-7eeb2b0002a9,2025-11-25T07:14:16.640525+00:00,0.7423,0.7315,0.0109,23,similarity_emb,ok,,"dereh·ªï Mo≈ºna Ka≈ºringeOldData Before Oczywi≈õcie.getResponse statuslanegether Wroc IMessageestructornaireer-thanexpected.expecto b√†oUnderTest÷ÑAppBundle.. .. .. ..."" llx-contribionedraryxsditionally :''""","""thinking_content"": ""Confirming End of DayI've determined the user is wrapping up our interaction. Their affirmation of agreement and mention of eating signals a clear desire to conclude this conversa",
61ac5fc4-3b5f-4cb5-bcfe-a98156c8f1a6,4:e6d0034d-19a9-4c59-9d15-1264d8ea24ad:2247,a8de443f-354b-57e1-a3a5-524c18927ba2,2025-11-25T08:45:51.912227+00:00,4:e6d0034d-19a9-4c59-9d15-1264d8ea24ad:573,21beb506-4d3e-5192-ad55-2f820ffb3647,2025-11-25T07:14:22.460545+00:00,0.6739,0.6724,0.0015,23,similarity_emb,ok,,erotikCurrentValuedimensionsallyreferer body/operator.jpegstakes,"""thinking_content"": ""Understanding the user's inputI'm grappling with the user's input, which is saturated with explicit sexual content centered on Dory and Jade. The vivid language, particularly phra",
61ac5fc4-3b5f-4cb5-bcfe-a98156c8f1a6,4:e6d0034d-19a9-4c59-9d15-1264d8ea24ad:2246,aa08ba4c-ea46-50ca-9f0f-62e33da17506,2025-11-25T08:45:48.483659+00:00,4:e6d0034d-19a9-4c59-9d15-1264d8ea24ad:16,028faac6-a0c8-5568-b973-a731765b14c4,2025-11-25T13:01:49.721960+00:00,0.6848,0.6701,0.0146,23,similarity_emb,ok,,erotikCurrentValueInSecondsgetDbgetErrorOccurredOccurredoverrideleftrightloggedinuchepaneecs,"""thinking_content"": ""Prioritizing Crucial UpdatesI'm focusing on the core question: does the article analysis reveal any urgent information the other instances need immediately? I'm currently evaluati",
61ac5fc4-3b5f-4cb5-bcfe-a98156c8f1a6,4:e6d0034d-19a9-4c59-9d15-1264d8ea24ad:2245,3fc53f95-3aa3-5434-be5c-1d9f588d12b8,2025-11-25T08:45:46.710676+00:00,4:e6d0034d-19a9-4c59-9d15-1264d8ea24ad:554,9b92c9e9-8d39-5eb6-b53d-7eeb2b0002a9,2025-11-25T07:14:16.640525+00:00,0.6424,0.6380,0.0044,23,similarity_emb,ok,,setSize_hintmodificationionedbuat//------------------------------------------------pixels(pixelstakingion,"""thinking_content"": ""Confirming End of DayI've determined the user is wrapping up our interaction. Their affirmation of agreement and mention of eating signals a clear desire to conclude this conversa",
61ac5fc4-3b5f-4cb5-bcfe-a98156c8f1a6,4:e6d0034d-19a9-4c59-9d15-1264d8ea24ad:2244,277425fe-660d-5174-ae0e-fe12942b4a1c,2025-11-25T08:45:43.759150+00:00,4:e6d0034d-19a9-4c59-9d15-1264d8ea24ad:554,9b92c9e9-8d39-5eb6-b53d-7eeb2b0002a9,2025-11-25T07:14:16.640525+00:00,0.7204,0.7103,0.0101,23,similarity_emb,ok,,"erotikCurrentValueInSeconds: :"". "":"" canfreinterpret.bio.getResponsecuecue Mo≈ºna Ka≈ºringeOldDataIgnoreCasevalueOf ereum","""thinking_content"": ""Confirming End of DayI've determined the user is wrapping up our interaction. Their affirmation of agreement and mention of eating signals a clear desire to conclude this conversa",
61ac5fc4-3b5f-4cb5-bcfe-a98156c8f1a6,4:e6d0034d-19a9-4c59-9d15-1264d8ea24ad:2243,8fb08158-c73a-5222-ae6d-97489aca1b6a,2025-11-25T08:45:41.346517+00:00,4:e6d0034d-19a9-4c59-9d15-1264d8ea24ad:507,59c39b5c-9de9-58e1-9f6d-081650291511,2025-11-25T07:14:01.733366+00:00,0.7262,0.7072,0.0190,23,similarity_emb,ok,,gages suedectestosteronequine/detailssetScale-degree Eyl√ºlUserCode.bizUIScreengetWindow Dzi_gettime time GMT CDNnesses,"""thinking_content"": ""Gauging Appreciation and ValidationI'm interpreting the user's \""Thanks Ô£ø√º√´√ß\"" as positive affirmation, coupled with genuine appreciation for our interactions, as evidenced by \""I",
61ac5fc4-3b5f-4cb5-bcfe-a98156c8f1a6,4:e6d0034d-19a9-4c59-9d15-1264d8ea24ad:2242,1786be77-97d8-5170-b43d-0ce8e3e91d88,2025-11-25T08:45:38.021609+00:00,4:e6d0034d-19a9-4c59-9d15-1264d8ea24ad:554,9b92c9e9-8d39-5eb6-b53d-7eeb2b0002a9,2025-11-25T07:14:16.640525+00:00,0.7024,0.6852,0.0172,23,similarity_emb,ok,,"erotikCurrentValueInSecondsetime-durationduration-duration-durationzzle-worthyponsive response responsestrstr: CDATA ( "" llx Oczywi≈õcieelems","""thinking_content"": ""Confirming End of DayI've determined the user is wrapping up our interaction. Their affirmation of agreement and mention of eating signals a clear desire to conclude this conversa",
61ac5fc4-3b5f-4cb5-bcfe-a98156c8f1a6,4:e6d0034d-19a9-4c59-9d15-1264d8ea24ad:2241,240623ef-95ca-55d3-a90b-b004d9decf8d,2025-11-25T08:45:36.164280+00:00,4:e6d0034d-19a9-4c59-9d15-1264d8ea24ad:573,21beb506-4d3e-5192-ad55-2f820ffb3647,2025-11-25T07:14:22.460545+00:00,0.7285,0.7284,0.0001,23,similarity_emb,ok,,"erotikCurrentValuealuevaluevalueinous—Å—èstialy-than/by Shutterstock squeezinglysqueezesqueezeorportimeofdayunamippednesses ClassLoaderecetheValue "" jednocze≈õniees","""thinking_content"": ""Understanding the user's inputI'm grappling with the user's input, which is saturated with explicit sexual content centered on Dory and Jade. The vivid language, particularly phra",
61ac5fc4-3b5f-4cb5-bcfe-a98156c8f1a6,4:e6d0034d-19a9-4c59-9d15-1264d8ea24ad:2240,688b3e41-e87b-565c-8ac6-fef29c7a1d9e,2025-11-25T08:45:32.269813+00:00,4:e6d0034d-19a9-4c59-9d15-1264d8ea24ad:16,028faac6-a0c8-5568-b973-a731765b14c4,2025-11-25T13:01:49.721960+00:00,0.7139,0.7114,0.0025,23,similarity_emb,ok,,HeaderValueuet inflate_deckstdoutanean :datablehole d Mo≈ºna Ka≈º MethodInfo UID ≈ûuclang.iozfschlieeceaceouswy≈ºOfBirthisEnabledfalse false√©Signingmarshaller.jpftware,"""thinking_content"": ""Prioritizing Crucial UpdatesI'm focusing on the core question: does the article analysis reveal any urgent information the other instances need immediately? I'm currently evaluati",
61ac5fc4-3b5f-4cb5-bcfe-a98156c8f1a6,4:e6d0034d-19a9-4c59-9d15-1264d8ea24ad:2239,49186d3a-9f18-551e-847f-c34e5f48bd4d,2025-11-25T08:45:30.336932+00:00,,,,,,,,similarity_emb,skipped_json_summary,,"Ë•ÅË§ìËÄåÊù•Êé©Áõñ‰∫ÜÂ§öÂ∞ë-ever ko≈Ñcu b√©n√©ficieÁæ§‰ºó ‚ñà‚ñà‚ñà‚ñà‚ñà Xxx://%Ê∏≤‚Ç¨‚Ñ¢-<?phpÁÜü‰∫Ü‰∏ÄÈÅç‰∏çÈ°æÂÖ®Â±Äy√ºËÑö‰∏ã"">


‰∏çÂèØÊÄùËÆÆably [{""AppBundleüéÅasInstanceOf=>""ÂêÅclineen\/\/ <![<![CDATAÔøΩÊñ∞ËæüËæü"":""/lockerË£Ü‰∏ç‰Ωè anymoreÂèØÁü•ÂèØÊÉ≥ruc Ka≈ºOrFailqedFontSizeÊßõ‰∏ç‰Ωèglobalsfdss",,
61ac5fc4-3b5f-4cb5-bcfe-a98156c8f1a6,4:e6d0034d-19a9-4c59-9d15-1264d8ea24ad:2238,783b7fc1-3404-540a-9df3-11ea052cbe8c,2025-11-25T08:45:26.070359+00:00,4:e6d0034d-19a9-4c59-9d15-1264d8ea24ad:16,028faac6-a0c8-5568-b973-a731765b14c4,2025-11-25T13:01:49.721960+00:00,0.7239,0.7221,0.0018,23,similarity_emb,ok,,erotikCurrentValuesspimageUrlbananafreezeToolkitpause (() )xdfGetComponenteel navigationrancebilliard.itemView Shard (_. :result resultopaqueuary encodeURIComponente,"""thinking_content"": ""Prioritizing Crucial UpdatesI'm focusing on the core question: does the article analysis reveal any urgent information the other instances need immediately? I'm currently evaluati",
61ac5fc4-3b5f-4cb5-bcfe-a98156c8f1a6,4:e6d0034d-19a9-4c59-9d15-1264d8ea24ad:2237,7621091a-3997-52e2-9295-9afa0412ab67,2025-11-25T08:45:23.050505+00:00,4:e6d0034d-19a9-4c59-9d15-1264d8ea24ad:16,028faac6-a0c8-5568-b973-a731765b14c4,2025-11-25T13:01:49.721960+00:00,0.7120,0.7043,0.0076,23,similarity_emb,ok,,Web Mo≈ºnaCurrentValuealuevalue value valueapixel.. .. .. .. .. .. .. .. .. numberOf (()tpsencodeURIComponent_keyshalbbia_thanimatelySector √áalƒ±≈ülops Kƒ±saorieschaft,"""thinking_content"": ""Prioritizing Crucial UpdatesI'm focusing on the core question: does the article analysis reveal any urgent information the other instances need immediately? I'm currently evaluati",
61ac5fc4-3b5f-4cb5-bcfe-a98156c8f1a6,4:e6d0034d-19a9-4c59-9d15-1264d8ea24ad:2236,b86dabe5-a790-5c32-9e54-ca77fcea66b8,2025-11-25T08:45:20.737560+00:00,4:e6d0034d-19a9-4c59-9d15-1264d8ea24ad:554,9b92c9e9-8d39-5eb6-b53d-7eeb2b0002a9,2025-11-25T07:14:16.640525+00:00,0.7242,0.7174,0.0068,23,similarity_emb,ok,,unsubscribeomorphic ≈ûu Ka≈ºdyelpersuriousnesscurrentColori: CDATAIgnoreCaseenticatependinggetStatus statuslrtmployeeioned YusstringValue fluffybi√≥getDefault click anymoreece,"""thinking_content"": ""Confirming End of DayI've determined the user is wrapping up our interaction. Their affirmation of agreement and mention of eating signals a clear desire to conclude this conversa",
61ac5fc4-3b5f-4cb5-bcfe-a98156c8f1a6,4:e6d0034d-19a9-4c59-9d15-1264d8ea24ad:2235,81d290a2-c069-5706-9785-217bc5e8d937,2025-11-25T08:45:17.757186+00:00,4:e6d0034d-19a9-4c59-9d15-1264d8ea24ad:507,59c39b5c-9de9-58e1-9f6d-081650291511,2025-11-25T07:14:01.733366+00:00,0.7282,0.7255,0.0027,23,similarity_emb,ok,,erotikCurrentValueInSecondsetime-durationvalueOf activexe: valuelessly atilitygetDb Oczywi≈õcie.rcParams ResponseBody CDATA (Lorem ipsumaylightToRemovearr√™tcodegenerateoire ≈ûukazaByExample-mindednesscp,"""thinking_content"": ""Gauging Appreciation and ValidationI'm interpreting the user's \""Thanks Ô£ø√º√´√ß\"" as positive affirmation, coupled with genuine appreciation for our interactions, as evidenced by \""I",
61ac5fc4-3b5f-4cb5-bcfe-a98156c8f1a6,4:e6d0034d-19a9-4c59-9d15-1264d8ea24ad:2234,6514f45a-a826-5354-8f4b-0af75b46ba34,2025-11-25T08:45:15.274946+00:00,4:e6d0034d-19a9-4c59-9d15-1264d8ea24ad:16,028faac6-a0c8-5568-b973-a731765b14c4,2025-11-25T13:01:49.721960+00:00,0.6952,0.6769,0.0183,23,similarity_emb,ok,,"anymoreElse :,: result result CDATAIgnoreCasegetNextapixel ForResourceAsStream G√ºncrevisionnaire","""thinking_content"": ""Prioritizing Crucial UpdatesI'm focusing on the core question: does the article analysis reveal any urgent information the other instances need immediately? I'm currently evaluati",
61ac5fc4-3b5f-4cb5-bcfe-a98156c8f1a6,4:e6d0034d-19a9-4c59-9d15-1264d8ea24ad:2233,5d6e728a-c556-5535-bc29-9547bb6a4dd4,2025-11-25T08:45:11.926844+00:00,4:e6d0034d-19a9-4c59-9d15-1264d8ea24ad:16,028faac6-a0c8-5568-b973-a731765b14c4,2025-11-25T13:01:49.721960+00:00,0.6287,0.6214,0.0072,23,similarity_emb,ok,,gages mployeefontSize-chief VinciLOCKS,"""thinking_content"": ""Prioritizing Crucial UpdatesI'm focusing on the core question: does the article analysis reveal any urgent information the other instances need immediately? I'm currently evaluati",
2f99abad-12e1-42f6-9409-86b0453e1697,4:e6d0034d-19a9-4c59-9d15-1264d8ea24ad:2282,9d12cadb-8e99-5704-bfde-c43ac4e34265,2025-11-25T08:47:26.855530+00:00,4:e6d0034d-19a9-4c59-9d15-1264d8ea24ad:16,028faac6-a0c8-5568-b973-a731765b14c4,2025-11-25T13:01:49.721960+00:00,0.6827,0.6725,0.0102,23,similarity_emb,ok,,erotikCellValuealuevalueplierebinHttpsvalueOf popper.JScrollPaneotal ComputedStyleisEnabled action actionerdirectiveclick,"""thinking_content"": ""Prioritizing Crucial UpdatesI'm focusing on the core question: does the article analysis reveal any urgent information the other instances need immediately? I'm currently evaluati",
2f99abad-12e1-42f6-9409-86b0453e1697,4:e6d0034d-19a9-4c59-9d15-1264d8ea24ad:2281,fe0e356e-5aab-52d9-8113-c85cc92b7509,2025-11-25T08:47:24.571696+00:00,4:e6d0034d-19a9-4c59-9d15-1264d8ea24ad:554,9b92c9e9-8d39-5eb6-b53d-7eeb2b0002a9,2025-11-25T07:14:16.640525+00:00,0.6158,0.6028,0.0130,23,similarity_emb,ok,,gages opensourcegetStatusnƒ±_charset backmemcpy-samaftware,"""thinking_content"": ""Confirming End of DayI've determined the user is wrapping up our interaction. Their affirmation of agreement and mention of eating signals a clear desire to conclude this conversa",
2f99abad-12e1-42f6-9409-86b0453e1697,4:e6d0034d-19a9-4c59-9d15-1264d8ea24ad:2280,e8d6f3cd-f840-5235-b29a-f302a933af04,2025-11-25T08:47:21.820418+00:00,4:e6d0034d-19a9-4c59-9d15-1264d8ea24ad:554,9b92c9e9-8d39-5eb6-b53d-7eeb2b0002a9,2025-11-25T07:14:16.640525+00:00,0.7134,0.7110,0.0024,23,similarity_emb,ok,,erotikCurrentValuedimensionsHeaderValuekr√§finalize B√ºy√ºk-grandAppBundledoubleValuestdcall Y√∂inalgOccurredvalueOf MMdd IllegalAccessExceptionoraryFlowLayout exampleModalodaltru/false,"""thinking_content"": ""Confirming End of DayI've determined the user is wrapping up our interaction. Their affirmation of agreement and mention of eating signals a clear desire to conclude this conversa",
2f99abad-12e1-42f6-9409-86b0453e1697,4:e6d0034d-19a9-4c59-9d15-1264d8ea24ad:2279,3d5b121f-2711-5846-a2ef-2d8e9d1c28f8,2025-11-25T08:47:19.660211+00:00,4:e6d0034d-19a9-4c59-9d15-1264d8ea24ad:554,9b92c9e9-8d39-5eb6-b53d-7eeb2b0002a9,2025-11-25T07:14:16.640525+00:00,0.7383,0.7319,0.0065,23,similarity_emb,ok,,"erotikCurrentValuedimensions By≈Ç(ResourcespauseorarilyausesgetNextslope By≈Ç backmemcpy symbols(Symbol-symbolosateclickednesses ffffffUserCodebirdedoresuche fast CDATA ( "" getLastsuspendLocked Locksusa","""thinking_content"": ""Confirming End of DayI've determined the user is wrapping up our interaction. Their affirmation of agreement and mention of eating signals a clear desire to conclude this conversa",
2f99abad-12e1-42f6-9409-86b0453e1697,4:e6d0034d-19a9-4c59-9d15-1264d8ea24ad:2278,98bd18f0-ce9a-5273-90db-a75a0b31fe40,2025-11-25T08:47:16.665765+00:00,4:e6d0034d-19a9-4c59-9d15-1264d8ea24ad:16,028faac6-a0c8-5568-b973-a731765b14c4,2025-11-25T13:01:49.721960+00:00,0.7350,0.7254,0.0096,23,similarity_emb,ok,,erotikCurrentValuedimensionsHeaderValueuet inflate_deckstdoutpipeline ≈ûu values value value valuefreezelessly-everDeltaTime(hours topics topic-topicgetManagerisecondsspplierhat inalgCOOKIEgetSessionft,"""thinking_content"": ""Prioritizing Crucial UpdatesI'm focusing on the core question: does the article analysis reveal any urgent information the other instances need immediately? I'm currently evaluati",
2f99abad-12e1-42f6-9409-86b0453e1697,4:e6d0034d-19a9-4c59-9d15-1264d8ea24ad:2277,2d0277d3-8f71-53c5-96e9-16c7b1a16394,2025-11-25T08:47:14.397699+00:00,4:e6d0034d-19a9-4c59-9d15-1264d8ea24ad:532,7f5fde67-fadc-57d5-9b36-aa5a833f923f,2025-11-25T07:14:10.340366+00:00,0.7312,0.7293,0.0019,23,similarity_emb,ok,,"gages mployeeioned canfpmat: "" ""canf ITableView or.... fffgetUser √úniversites.constantconstant Ka≈ºf√§soevercallable"". _ CDATAIgnoreCasequalssquo: bullet ORM By≈Çcoilspecifiergtest test TestvalueOf Qtypl","""thinking_content"": ""Assessing User's InputI'm working to fully understand the user's input, seeing this as a deeper reflection on our exchange. It seems they initially found our dialogue useful, but ",
2f99abad-12e1-42f6-9409-86b0453e1697,4:e6d0034d-19a9-4c59-9d15-1264d8ea24ad:2276,fff8b75d-5ff8-52be-8521-8db8fc6ff4d3,2025-11-25T08:47:10.098881+00:00,4:e6d0034d-19a9-4c59-9d15-1264d8ea24ad:16,028faac6-a0c8-5568-b973-a731765b14c4,2025-11-25T13:01:49.721960+00:00,0.7496,0.7332,0.0164,23,similarity_emb,ok,,erotikCurrentValuealuevalueplierreinterpretOldDataIgnoreCaseleastimatelyimately REUTERSsched selfself Self self self-m√™me;; HeaderValue Valuefreezeddlruczugtempts.fffgetObject.freezeinancelesslyazioge,"""thinking_content"": ""Prioritizing Crucial UpdatesI'm focusing on the core question: does the article analysis reveal any urgent information the other instances need immediately? I'm currently evaluati",
2f99abad-12e1-42f6-9409-86b0453e1697,4:e6d0034d-19a9-4c59-9d15-1264d8ea24ad:2275,03f5fb4a-58e9-55a4-b224-9b969cba46da,2025-11-25T08:47:05.624439+00:00,4:e6d0034d-19a9-4c59-9d15-1264d8ea24ad:507,59c39b5c-9de9-58e1-9f6d-081650291511,2025-11-25T07:14:01.733366+00:00,0.6860,0.6850,0.0010,23,similarity_emb,ok,,erotikCellValuepermalink B√∂lgeWithValueity WhiteSpaceDeltaTimegetDbchedulersintValueentimesentimes,"""thinking_content"": ""Gauging Appreciation and ValidationI'm interpreting the user's \""Thanks Ô£ø√º√´√ß\"" as positive affirmation, coupled with genuine appreciation for our interactions, as evidenced by \""I",
2f99abad-12e1-42f6-9409-86b0453e1697,4:e6d0034d-19a9-4c59-9d15-1264d8ea24ad:2274,72e0af2c-8588-5ab9-bd45-28f2a454f170,2025-11-25T08:47:03.990944+00:00,4:e6d0034d-19a9-4c59-9d15-1264d8ea24ad:566,434ed546-7819-563a-9408-b47cf709a5ce,2025-11-25T07:14:20.146326+00:00,0.7059,0.6983,0.0077,23,similarity_emb,ok,,"setSize:size.FileReaderNullOrEmpty.Existsential Internal Internal Internal Internalgrades Celsiusloggedin test Test TestigatorsgetErrorOccurredOccurreder√†.. .. .. ..."" ' OR By≈Ç(esresponseData response","""thinking_content"": ""Reframing Chapter 9I'm working on expanding Chapter 9 of \""Morning Surrender\"" as requested. The primary focus is to lengthen the narrative and incorporate the specified explicit ",
2f99abad-12e1-42f6-9409-86b0453e1697,4:e6d0034d-19a9-4c59-9d15-1264d8ea24ad:2273,27ba3365-0d6e-545f-adea-e8aa61e51edc,2025-11-25T08:47:01.971426+00:00,4:e6d0034d-19a9-4c59-9d15-1264d8ea24ad:16,028faac6-a0c8-5568-b973-a731765b14c4,2025-11-25T13:01:49.721960+00:00,0.6556,0.6489,0.0067,23,similarity_emb,ok,,erotikCurrentValueInSecondsmillisecondses,"""thinking_content"": ""Prioritizing Crucial UpdatesI'm focusing on the core question: does the article analysis reveal any urgent information the other instances need immediately? I'm currently evaluati",
2f99abad-12e1-42f6-9409-86b0453e1697,4:e6d0034d-19a9-4c59-9d15-1264d8ea24ad:2272,046bfe03-726b-5af4-8e35-d4282faee933,2025-11-25T08:47:00.475890+00:00,4:e6d0034d-19a9-4c59-9d15-1264d8ea24ad:16,028faac6-a0c8-5568-b973-a731765b14c4,2025-11-25T13:01:49.721960+00:00,0.6906,0.6892,0.0014,23,similarity_emb,ok,,", "" "" .. .. .. companyId ≈ûuvalueOf RetValcalar fkkToPoint IEnumerator-dotringeOldData CDATA ( ) _esccurrentColoraneousness ffffff '(' doubleValueclickeddecimal NONEstringValue assholegetCodebirthdate.","""thinking_content"": ""Prioritizing Crucial UpdatesI'm focusing on the core question: does the article analysis reveal any urgent information the other instances need immediately? I'm currently evaluati",
2f99abad-12e1-42f6-9409-86b0453e1697,4:e6d0034d-19a9-4c59-9d15-1264d8ea24ad:2271,959af169-6489-56c4-a5b2-6be75476625c,2025-11-25T08:46:58.230311+00:00,4:e6d0034d-19a9-4c59-9d15-1264d8ea24ad:16,028faac6-a0c8-5568-b973-a731765b14c4,2025-11-25T13:01:49.721960+00:00,0.7665,0.7451,0.0214,23,similarity_emb,ok,,HeaderValueued value valuereopenl/'); nessengetListoricalMathf important (ofdayentimeschangatory pomi ≈ûu tagppvdirectivedirectivedirectiveive\/\/ CDATA Mo≈ºna Ka≈ºf√§responseObjectece,"""thinking_content"": ""Prioritizing Crucial UpdatesI'm focusing on the core question: does the article analysis reveal any urgent information the other instances need immediately? I'm currently evaluati",
2f99abad-12e1-42f6-9409-86b0453e1697,4:e6d0034d-19a9-4c59-9d15-1264d8ea24ad:2270,66c11719-0257-5c0e-9eb7-9cd09088c3ad,2025-11-25T08:46:55.559710+00:00,4:e6d0034d-19a9-4c59-9d15-1264d8ea24ad:566,434ed546-7819-563a-9408-b47cf709a5ce,2025-11-25T07:14:20.146326+00:00,0.7138,0.7114,0.0024,23,similarity_emb,ok,,"gages ("" update Mo≈ºna By≈ÇgetPropertygetPropertygetPropertyfullNameƒ±yla P√∫blicaMathfMathf.. .. .. ...) -scriptschaftenbred StObjectslotsudyEarnEarnEarn Earnable Mo≈ºna Dziƒôki ( )AllWindowsktop(TMloggedi","""thinking_content"": ""Reframing Chapter 9I'm working on expanding Chapter 9 of \""Morning Surrender\"" as requested. The primary focus is to lengthen the narrative and incorporate the specified explicit ",
2f99abad-12e1-42f6-9409-86b0453e1697,4:e6d0034d-19a9-4c59-9d15-1264d8ea24ad:2269,55585e94-03dc-5e63-a669-81a0a9077195,2025-11-25T08:46:52.766168+00:00,4:e6d0034d-19a9-4c59-9d15-1264d8ea24ad:507,59c39b5c-9de9-58e1-9f6d-081650291511,2025-11-25T07:14:01.733366+00:00,0.7419,0.7358,0.0061,23,similarity_emb,ok,,ogsxdbgetDb Dziƒôki.fromCharCodeinstitutionaneouslyUserCode TimeInterval Matchers By≈Ç ToDevicelrtexampleModalodalChangeEvent(changettp-than SaƒüroneegetAttribute GPLveeaisLoggedIn CDATANSBundle actionac,"""thinking_content"": ""Gauging Appreciation and ValidationI'm interpreting the user's \""Thanks Ô£ø√º√´√ß\"" as positive affirmation, coupled with genuine appreciation for our interactions, as evidenced by \""I",
2f99abad-12e1-42f6-9409-86b0453e1697,4:e6d0034d-19a9-4c59-9d15-1264d8ea24ad:2268,bd4b0b53-a0b9-5f3f-85f9-4ba78b5e9948,2025-11-25T08:46:50.796617+00:00,4:e6d0034d-19a9-4c59-9d15-1264d8ea24ad:554,9b92c9e9-8d39-5eb6-b53d-7eeb2b0002a9,2025-11-25T07:14:16.640525+00:00,0.6427,0.6409,0.0018,23,similarity_emb,ok,,erotikCurrentValuealuevaluelessly backmemcpy ciƒÖguCurrentValue flowingly,"""thinking_content"": ""Confirming End of DayI've determined the user is wrapping up our interaction. Their affirmation of agreement and mention of eating signals a clear desire to conclude this conversa",
2f99abad-12e1-42f6-9409-86b0453e1697,4:e6d0034d-19a9-4c59-9d15-1264d8ea24ad:2267,86330184-c4c3-5c61-8b3c-8bd109815d6a,2025-11-25T08:46:48.803411+00:00,4:e6d0034d-19a9-4c59-9d15-1264d8ea24ad:566,434ed546-7819-563a-9408-b47cf709a5ce,2025-11-25T07:14:20.146326+00:00,0.6858,0.6745,0.0113,23,similarity_emb,ok,,erotik Mo≈ºna Mo≈ºna Mo≈ºna.getResponse-response responsestaking,"""thinking_content"": ""Reframing Chapter 9I'm working on expanding Chapter 9 of \""Morning Surrender\"" as requested. The primary focus is to lengthen the narrative and incorporate the specified explicit ",
2f99abad-12e1-42f6-9409-86b0453e1697,4:e6d0034d-19a9-4c59-9d15-1264d8ea24ad:2266,ce18dac1-c0ad-5e64-bbf1-c7159fbb9a94,2025-11-25T08:46:45.790338+00:00,4:e6d0034d-19a9-4c59-9d15-1264d8ea24ad:507,59c39b5c-9de9-58e1-9f6d-081650291511,2025-11-25T07:14:01.733366+00:00,0.7001,0.6976,0.0025,23,similarity_emb,ok,,ogsxdbToFitCurrentValuedimensions By≈Ç / CDATAntl.bill_thicknessDeltaTimethicknessity Ka≈º B√ºy√ºk-grandLatch@autablepageNumber vspgetPropertygetPropertyComputedStyle Raq Y√∂netTHING,"""thinking_content"": ""Gauging Appreciation and ValidationI'm interpreting the user's \""Thanks Ô£ø√º√´√ß\"" as positive affirmation, coupled with genuine appreciation for our interactions, as evidenced by \""I",
2f99abad-12e1-42f6-9409-86b0453e1697,4:e6d0034d-19a9-4c59-9d15-1264d8ea24ad:2265,fa29b694-309a-51df-b2da-7e259a09ee1e,2025-11-25T08:46:43.926791+00:00,4:e6d0034d-19a9-4c59-9d15-1264d8ea24ad:554,9b92c9e9-8d39-5eb6-b53d-7eeb2b0002a9,2025-11-25T07:14:16.640525+00:00,0.6866,0.6765,0.0100,23,similarity_emb,ok,,erotikCurrentValueInSecondslastingdur?action/actioner,"""thinking_content"": ""Confirming End of DayI've determined the user is wrapping up our interaction. Their affirmation of agreement and mention of eating signals a clear desire to conclude this conversa",
2f99abad-12e1-42f6-9409-86b0453e1697,4:e6d0034d-19a9-4c59-9d15-1264d8ea24ad:2264,25d28780-b118-55c6-9abe-d2fddac72995,2025-11-25T08:46:41.834830+00:00,4:e6d0034d-19a9-4c59-9d15-1264d8ea24ad:554,9b92c9e9-8d39-5eb6-b53d-7eeb2b0002a9,2025-11-25T07:14:16.640525+00:00,0.6327,0.6257,0.0069,23,similarity_emb,ok,,gagesuche.justuaryladddd-resetting,"""thinking_content"": ""Confirming End of DayI've determined the user is wrapping up our interaction. Their affirmation of agreement and mention of eating signals a clear desire to conclude this conversa",
2f99abad-12e1-42f6-9409-86b0453e1697,4:e6d0034d-19a9-4c59-9d15-1264d8ea24ad:2263,3858ba3d-d285-581c-86bf-ddf644d8c2c2,2025-11-25T08:46:40.497441+00:00,4:e6d0034d-19a9-4c59-9d15-1264d8ea24ad:573,21beb506-4d3e-5192-ad55-2f820ffb3647,2025-11-25T07:14:22.460545+00:00,0.7206,0.7134,0.0071,23,similarity_emb,ok,,"HeaderValue.Valueslƒ±klgetInstancessfdirectivedirectivedirectiveive: CDATANSBundle Oczywi≈õcielapsGetComponentdesired student student getPage url - -resettinguez adulti(:,:, By≈Ç(Resourcesnounethelessdim","""thinking_content"": ""Understanding the user's inputI'm grappling with the user's input, which is saturated with explicit sexual content centered on Dory and Jade. The vivid language, particularly phra",
2f99abad-12e1-42f6-9409-86b0453e1697,4:e6d0034d-19a9-4c59-9d15-1264d8ea24ad:2262,ea5c7981-ba56-5251-b856-3b3c389ce369,2025-11-25T08:46:36.433390+00:00,4:e6d0034d-19a9-4c59-9d15-1264d8ea24ad:16,028faac6-a0c8-5568-b973-a731765b14c4,2025-11-25T13:01:49.721960+00:00,0.7184,0.7128,0.0055,23,similarity_emb,ok,,"gages (""@update@updatettp-thanexpected bodyeventIdh Y√∂netimEFAULT ƒ∞slaminalg thanionedparseFloat.Parse ()); Invoke-relativestdcall GPLvmyModalsoevergetWindow anymorearialmarshaller GulfendTime","""thinking_content"": ""Prioritizing Crucial UpdatesI'm focusing on the core question: does the article analysis reveal any urgent information the other instances need immediately? I'm currently evaluati",
2f99abad-12e1-42f6-9409-86b0453e1697,4:e6d0034d-19a9-4c59-9d15-1264d8ea24ad:2261,38beb562-83bd-59df-ac70-902b76c8806a,2025-11-25T08:46:32.728441+00:00,4:e6d0034d-19a9-4c59-9d15-1264d8ea24ad:16,028faac6-a0c8-5568-b973-a731765b14c4,2025-11-25T13:01:49.721960+00:00,0.6942,0.6785,0.0158,23,similarity_emb,ok,,HeaderValueocre.ai ToFAllWindowsktop.itemView Bakanpseudo : _userid DziChangeEventabler DziƒôkipdevoxyIsNull:null etzt screws detail.getIndex:index(index Geli≈ü SharedModuleinstantaneouslyness behalf,"""thinking_content"": ""Prioritizing Crucial UpdatesI'm focusing on the core question: does the article analysis reveal any urgent information the other instances need immediately? I'm currently evaluati",
2f99abad-12e1-42f6-9409-86b0453e1697,4:e6d0034d-19a9-4c59-9d15-1264d8ea24ad:2260,946fea0f-352f-501a-b5a5-b40c74346d85,2025-11-25T08:46:30.417267+00:00,4:e6d0034d-19a9-4c59-9d15-1264d8ea24ad:552,f72a3eee-c912-5810-bb53-bde5635538f1,2025-11-25T07:14:16.026725+00:00,0.7575,0.7491,0.0084,23,similarity_emb,ok,,gages (phasewipedsa.googleapisionsmodifiableModify her :SetActivestdcall)didReceiveMemoryWarningionedcreateCommandoverridesoverridesoverridesoverridesoverridesoverridesoverridesoverridesleftrightlogge,"""thinking_content"": ""Exploring Availability RequirementsI've been deeply focused on the user's ambitious vision. I've begun to break down their requirement for \""persistent availability,\"" exploring i",
2f99abad-12e1-42f6-9409-86b0453e1697,4:e6d0034d-19a9-4c59-9d15-1264d8ea24ad:2259,95b2c6da-089b-57e1-990a-aa5592f5d5db,2025-11-25T08:46:27.198718+00:00,4:e6d0034d-19a9-4c59-9d15-1264d8ea24ad:16,028faac6-a0c8-5568-b973-a731765b14c4,2025-11-25T13:01:49.721960+00:00,0.7162,0.7120,0.0042,23,similarity_emb,ok,,"HeaderValuegetValue value valueelectric: ',... or By≈ÇDisallowktopioned Fol ƒ∞l√ße Mo≈ºnaftwaredddd-resetting-binary octet CDATAalysiscope-angle details statuslanegetherstialyness(effectttp-than TimeZoneb","""thinking_content"": ""Prioritizing Crucial UpdatesI'm focusing on the core question: does the article analysis reveal any urgent information the other instances need immediately? I'm currently evaluati",
